Channel,Channel_Index,Cluster_Size,Cluster_Mass,Mean_T,Peak_T,Effect_Direction,Effect_Magnitude
AR6,0,402,555.6090424933359,0.40531714262618634,2.444957398170871,Speech > Music,0.40531714262618634
PHR8,7,403,552.3553840565855,0.2205741918138647,-3.0413146567261324,Speech > Music,0.2205741918138647
AR6,0,536,795.2659909845977,0.0014324552640286024,2.444957398170871,Speech > Music,0.0014324552640286024
AR7,1,448,641.2979683539224,-0.0007493233079335201,3.0711528694372046,Music > Speech,0.0007493233079335201
