Channel,Channel_Index,Cluster_Size,Cluster_Mass,Mean_T,Peak_T,Effect_Direction,Effect_Magnitude
sT3,55,55,114.65785484471722,-0.9142194497834379,-2.996722014640625,Music > Speech,0.9142194497834379
sT3,55,135,192.21785347709056,-0.8481333829576094,-3.526744640217113,Music > Speech,0.8481333829576094
T35,30,54,94.88623699147134,-0.5098479682318707,-3.2039230735915476,Music > Speech,0.5098479682318707
T09,8,60,103.87504227892741,0.49650646351349276,2.893263811475542,Speech > Music,0.49650646351349276
T25,20,60,111.05728779805116,-0.4920534770040706,-5.960612548399769,Music > Speech,0.4920534770040706
T33,28,53,74.50127034966617,0.4542649178327357,2.709731576077248,Speech > Music,0.4542649178327357
T31,26,69,115.82665708920548,-0.1968524599946553,-2.3135291346720943,Music > Speech,0.1968524599946553
T34,29,87,128.9286021770979,0.011721510796615276,2.3426826880498406,Speech > Music,0.011721510796615276
