Channel,Channel_Index,Cluster_Size,Cluster_Mass,Mean_T,Peak_T,Effect_Direction,Effect_Magnitude
F47,14,74,123.81049463384159,-1.0090958831017216,-2.638186539216357,Music > Speech,1.0090958831017216
F46,13,73,107.24766472743902,-0.7156826931454602,-2.5248358945356517,Music > Speech,0.7156826931454602
F46,13,101,144.4206471531556,-0.6712873548802203,-2.5248358945356517,Music > Speech,0.6712873548802203
F45,12,65,114.08526752036337,-0.6492318349438982,2.118161117717739,Music > Speech,0.6492318349438982
F30,5,74,112.58313719662978,-0.3709291246628876,2.279763882248087,Music > Speech,0.3709291246628876
F07,0,97,146.96131102603778,-0.24944596382765316,2.1562046267562924,Music > Speech,0.24944596382765316
