Channel,Channel_Index,Cluster_Size,Cluster_Mass,Mean_T,Peak_T,Effect_Direction,Effect_Magnitude
F53,19,181,254.53857201942253,-1.0643071183932573,-3.43727055950715,Music > Speech,1.0643071183932573
F53,19,123,209.23315188957216,-0.9921307011269344,-3.43727055950715,Music > Speech,0.9921307011269344
F53,19,155,278.52099866129214,-0.8692180230142614,-3.43727055950715,Music > Speech,0.8692180230142614
F62,27,85,123.63633377725256,-0.5891571862628783,-2.038652695368951,Music > Speech,0.5891571862628783
F53,19,85,126.74352567971383,-0.5625043278690623,2.7004527097288014,Music > Speech,0.5625043278690623
F58,23,66,93.70700060153591,0.5042519891095838,1.7520678220493948,Speech > Music,0.5042519891095838
F39,8,68,98.85061628527542,0.39717957637148643,2.9895617815559046,Speech > Music,0.39717957637148643
F38,7,80,114.15772918777049,0.09335642293968408,2.08822300680128,Speech > Music,0.09335642293968408
