Channel,Channel_Index,Cluster_Size,Cluster_Mass,Mean_T,Peak_T,Effect_Direction,Effect_Magnitude
IPR3,37,230,343.8326249367366,0.5372711674597848,2.319900287402849,Speech > Music,0.5372711674597848
AIL3,2,328,520.4209661874413,0.33901876611990767,2.4039895669346087,Speech > Music,0.33901876611990767
IPR1,35,275,431.3650652078057,-0.11037850390410907,2.383286095691442,Music > Speech,0.11037850390410907
