Channel,Channel_Index,Cluster_Size,Cluster_Mass,Mean_T,Peak_T,Effect_Direction,Effect_Magnitude
P62,37,58,118.32487018144731,-0.7213159230131794,-2.5820627795939965,Music > Speech,0.7213159230131794
P45,23,64,105.17310633395034,-0.38537335778497794,-2.538039986950474,Music > Speech,0.38537335778497794
P35,15,83,127.80651922221747,-0.34419775653004986,2.0355212414816912,Music > Speech,0.34419775653004986
P38,18,78,114.55583401642397,-0.3104347063614639,-2.9700989657382255,Music > Speech,0.3104347063614639
P48,26,90,146.62255714201603,0.24044561036320541,2.213945183236783,Speech > Music,0.24044561036320541
