Channel,Channel_Index,Cluster_Size,Cluster_Mass,Mean_T,Peak_T,Effect_Direction,Effect_Magnitude
T05,4,76,113.71295905249832,-0.7674982424557905,-6.363314011137363,Music > Speech,0.7674982424557905
sTa3,48,122,191.45195998508703,-0.2525711516273353,3.009354675275199,Music > Speech,0.2525711516273353
sTa8,50,103,169.17939261744183,-0.21589932455836788,2.2017866345928288,Music > Speech,0.21589932455836788
P46,35,67,121.35501778388684,-0.15668719604844242,-1.9419919221783757,Music > Speech,0.15668719604844242
P46,35,65,101.12004188977824,-0.1047121846710155,-1.9419919221783757,Music > Speech,0.1047121846710155
T16,15,93,131.0674911124227,-0.09896688690284072,-2.9055973335525467,Music > Speech,0.09896688690284072
P45,34,57,99.25932930962692,-0.043996370068595275,2.220162354435947,Music > Speech,0.043996370068595275
