Channel,Channel_Index,Cluster_Size,Cluster_Mass,Mean_T,Peak_T,Effect_Direction,Effect_Magnitude
ATR7,18,279,415.03002043590413,-0.5656410315426859,-3.2345806488383997,Music > Speech,0.5656410315426859
ATR5,16,307,448.66388315063944,-0.561590537426695,-3.2844622377318617,Music > Speech,0.561590537426695
ATR5,16,349,567.5963592139334,-0.523385238801884,-3.2844622377318617,Music > Speech,0.523385238801884
ATR7,18,402,646.3286048477819,-0.44286549446692686,-3.2345806488383997,Music > Speech,0.44286549446692686
ATR6,17,408,611.7145126618381,-0.380378744666938,-2.7781265039013374,Music > Speech,0.380378744666938
ATR7,18,336,540.726503686195,-0.3584087851237384,-3.2345806488383997,Music > Speech,0.3584087851237384
PHR9,13,262,462.1724075033895,-0.3433096145749214,-1.6082304541082748,Music > Speech,0.3433096145749214
ATR6,17,346,539.7943345866648,-0.290366508432471,-2.7781265039013374,Music > Speech,0.290366508432471
ATR8,19,327,538.3714595814874,-0.26331055120683994,-2.1283690414207093,Music > Speech,0.26331055120683994
