Channel,Channel_Index,Cluster_Size,Cluster_Mass,Mean_T,Peak_T,Effect_Direction,Effect_Magnitude
F19,13,359,655.3192161105162,-0.601716667484785,-3.572690111240818,Music > Speech,0.601716667484785
F07,2,287,452.72026739569924,-0.49364426464386824,-2.439866921685155,Music > Speech,0.49364426464386824
F22,16,330,506.85712121619116,-0.4233186215423539,-2.083797393473083,Music > Speech,0.4233186215423539
F09,4,245,384.3194794768859,0.14025322077888377,-1.8895286468047607,Speech > Music,0.14025322077888377
F09,4,415,594.4009805015532,-0.13683891692515743,-2.9047360525165304,Music > Speech,0.13683891692515743
